"MW_API","melting.point_API","XLogP3_API","Hydrogen.Bond.Donor.Count_API","Hydrogen.Bond.Acceptor.Count_API","Rotatable.Bond.Count_API","Topological.Polar.Surface.Area_API","Heavy.Atom.Count_API","Complexity_API","logS_API","logP_API","Pka","N.of.repeat.units_polymer","Monomer.Weight_polymer","Hydrogen.Bond.Donor.Count_polymer","Hydrogen.Bond.Acceptor.Count_polymer","Rotatable.Bond.Count_polymer","Complexity_polymer","Topological.Polar.Surface.Area_polymer","technich","Drug.loading.ratio","Dose.mg.","dissolution.method","surfactant","pH.1.2_simulated.gastric.fluid","pH.4.5_buffer.solution","pH.6.8_PBS","pH.6.5_FaSSIF","pH.6.8_SIF","water","pH.7.4_PBS","rotation.speed.rpm.","volume.ml","X5min","X10min","X15min","X20min","X30min","X45min","X60min"
0.0605261541707938,0.533333333333333,0.396039603960396,0.105263157894737,0.16,0.0454545454545455,0.160533841754051,0.0340909090909091,0.0323958704165183,0.68,0.188264058679707,0.565949485500468,0.0499110715873722,0.109870329906509,0,0,0.037037037037037,0.309782608695652,0,0.5,0.489795918367347,0.0880989772857854,0,0,1,0,0,0,0,0,0,0,0.888888888888889,0.201,0.2862,0.3776,0.4629,0.6429,0.7174,0.7705
0.0830867543380319,0.23,0.554455445544554,0,0.04,0.0454545454545455,0.049952335557674,0.0795454545454545,0.0897116411534354,0.34,0.250203748981255,0.453695042095416,0.0106714095153402,0,0.333333333333333,0.125,0.037037037037037,0,0.132285527177472,0,0.0306122448979592,0.0306431225341862,0,0,0,0,0,0,0,1,0,0,1,0.3157,0.4321,0.5097,0.5429,0.6232,0.7008,0.7285
0.136649381203515,0.546666666666667,0.475247524752475,0,0.2,0.136363636363636,0.123164918970448,0.125,0.150943396226415,0.46,0.256723716381418,0.09822263797942,0.0106714095153402,0,0.333333333333333,0.125,0.037037037037037,0,0.132285527177472,0.5,0.489795918367347,0.0229823419006397,0,0,0,0,0,0,0,0,1,0.5,0.888888888888889,0.3033,0.3711,0.449,0.4962,0.5797,0.6491,0.7107
0.139539040318225,0.423333333333333,0.633663366336634,0.0526315789473684,0.16,0.318181818181818,0.16606291706387,0.136363636363636,0.112139551441794,0.24,0.294213528932355,0.610851262862488,0.0499110715873722,0.109870329906509,0,0,0.037037037037037,0.309782608695652,0,0.5,0.122448979591837,0.107250928869652,0,0,0,0,0,0,0,1,0,0,0.888888888888889,0.4042,0.3941,0.388,0.3799,0.3683,0.3636,0.3562
0.197752679824195,0.45,0.485148514851485,0.105263157894737,0.32,0.227272727272727,0.208770257387989,0.181818181818182,0.213243147027412,0.28,0.255908720456398,0.858278765201123,0.012894619831036,0.0896899738510585,0,0.125,0,0.0834239130434783,0.031434184675835,0.5,0.489795918367347,0.183858735205117,0,1,0,0,0,0,0,1,0,0,0.888888888888889,0.2448,0.317,0.3943,0.4304,0.5103,0.5386,0.5335
1,0.446666666666667,0,1,1,0.590909090909091,1,1,1,0.46,0.126324368378158,0.439195509822264,0.0106714095153402,0,0.333333333333333,0.125,0.037037037037037,0,0.132285527177472,0,0.183673469387755,0.949936798559773,1,0,0,0,1,0,0,0,0,0.5,0.888888888888889,0.0445,0.3465,0.619,0.84,0.9623,1,1
0.0496446585399269,0.283333333333333,0.475247524752475,0,0.08,0,0.0703527168732126,0.0568181818181818,0.104663581345675,0.5,0.265688671556642,0.0701590271281572,0.019341929746554,0.501954454275173,1,1,0.148148148148148,0.383152173913043,1,1,0.183673469387755,0.375378251043781,0,0,0,0,0,1,0,0,0,0.25,0.222222222222222,0.041,0.0747,0.0932,0.1136,0.1548,0.2143,0.2783
0.177419558031756,0.395,0.683168316831683,0.0526315789473684,0.16,0.318181818181818,0.126406101048618,0.181818181818182,0.183339266642933,0.38,0.370823145884271,0.930308699719364,0.019341929746554,0.501954454275173,1,1,0.148148148148148,0.383152173913043,1,0.5,0.23469387755102,0.22216263837285,0,1,0,0,1,0,0,0,0,0,0.888888888888889,0.4753,0.9296,0.938,0.9593,0.975,0.9889,0.988
0.279691444246901,0.626666666666667,0.673267326732673,0.105263157894737,0.4,0.272727272727273,0.130981887511916,0.272727272727273,0.234603061587754,0.34,0.234718826405868,0.750701590271281,0.0316807469986661,0.800244922448687,0.333333333333333,0.75,0.592592592592593,0.2536875,0.618598559266536,0,0.183673469387755,0.231738614164783,0,1,0,0,0,1,0,0,0,0,0.388888888888889,0.052,0.4653,0.5445,0.5919,0.6774,0.7039,0.6856
0.144286899844573,0.546666666666667,0.415841584158416,0.157894736842105,0.16,0.0909090909090909,0.16835081029552,0.147727272727273,0.189747241011036,0.56,0.181744091279544,0.816183348924228,0.00889284126278346,0.109870329906509,0,0,0.037037037037037,0.309782608695652,0,1,0.23469387755102,0.00383039031677328,0,0,0,0,0,0,0,1,0,0.5,0.0555555555555556,0.9746,0.9888,0.9968,0.9923,0.9958,1,1
0.0920289501325149,0.76,0.693069306930693,0.105263157894737,0.08,0.181818181818182,0.0816015252621544,0.0681818181818182,0.0544677821288715,0.26,0.441727791361043,0.48643592142189,0,1,0.666666666666667,0.875,1,0.834239130434783,0.692206941715783,0,0.285714285714286,0.0306431225341862,0,0,0,0,0,0,0,1,0,0,0.444444444444444,0.3416,0.3517,0.3583,0.3661,0.375,0.3837,0.3845
0.426544392880258,0.213333333333333,0.851485148514851,0.210526315789474,0.32,0.818181818181818,0.372735938989514,0.420454545454545,0.316482734069064,0.06,0.381418092909535,0.939195509822264,0.0142285460204535,0,0.333333333333333,0.125,0.037037037037037,0,0.132285527177472,0.5,0.0816326530612245,0.375378251043781,1,0,1,0,0,0,0,0,0,0,0.888888888888889,0.3733,0.8454,0.9529,0.9733,0.9835,1,1
0.193915023550328,0.576666666666667,0.396039603960396,0.0526315789473684,0.2,0.227272727272727,0.187797902764538,0.193181818181818,0.200783196867213,0.3482,0.242868785656072,0.679092609915809,0.0499110715873722,0.109870329906509,0,0,0.037037037037037,0.309782608695652,0,0.5,0.316326530612245,0.375378251043781,0,0,0,0,1,0,0,0,0,0,1,0.9258,0.9183,0.9181,0.9122,0.9137,0.8941,0.891
0.805814120118484,0.806666666666667,1,0.263157894736842,0.44,0.681818181818182,0.51954242135367,0.818181818181818,0.775720897116412,0.9,1,0.85266604303087,0.0299021787461094,0.109870329906509,0,0,0.037037037037037,0.309782608695652,0,0.5,0.0306122448979592,0.095759757919332,0,0,0,0,0,0,0,1,0,0,0.888888888888889,0.4466,0.6515,0.7825,0.8238,0.8669,0.8722,0.8854
0.188461677766002,0.266666666666667,0.722772277227723,0.0526315789473684,0.16,0.318181818181818,0.126406101048618,0.193181818181818,0.197579209683161,0.32,0.403422982885086,0.996725912067353,0.0579146287238773,0.109870329906509,0,0,0.037037037037037,0.309782608695652,0,1,0.183673469387755,0.068947025701919,1,1,0,0,0,0,0,1,0,0.5,0.888888888888889,0.5935,0.9139,0.9798,1,0.9987,0.9963,1
0.162325616552471,0.306666666666667,0.544554455445545,0.0526315789473684,0.28,0.272727272727273,0.243088655862726,0.170454545454545,0.2249911000356,0.32,0.277913610431948,0.272684752104771,0.200422409959982,0.0223765984883763,0.166666666666667,0.125,0.037037037037037,0.135597826086957,0.111329404060249,1,0.489795918367347,0.0306431225341862,0,0,0,0,0,1,0,0,0,0,0,0.0631,0.1001,0.1313,0.1363,0.1505,0.1414,0.1369
0.182338277511208,0.32,0.614554455445545,0.0526315789473684,0.2,0.227272727272727,0.171210676835081,0.136363636363636,0.10751156995372,0.3482,0.329747351263244,0.522918615528531,0.00700311249444197,0,0.333333333333333,0.125,0.037037037037037,0,0.132285527177472,0.5,0.122448979591837,0.145554832037385,1,0,0,0,1,0,0,0,0,0.5,0.888888888888889,0.0294,0.0462,0.0734,0.1616,0.3444,0.6944,0.8642
0.150776428570304,0.371523333333333,0.683168316831683,0.0526315789473684,0.24,0.136363636363636,0.106005719733079,0.136363636363636,0.136703453186187,0.3482,0.329747351263244,0.679092609915809,0.019341929746554,0.501954454275173,1,1,0.148148148148148,0.383152173913043,1,1,0.387755102040816,0.758417282721109,0,0,0,1,0,0,0,0,0,0,1,0.1858,0.3606,0.4561,0.51,0.5988,0.6803,0.737
0.315957847196086,0.09,0.207920792079208,0.421052631578947,0.52,0.272727272727273,0.416587225929457,0.318181818181818,0.260946956212175,0.78,0,0.669317118802619,0.0499110715873722,0.109870329906509,0,0,0.037037037037037,0.309782608695652,0,0.5,0.23469387755102,0.0880989772857854,1,0,0,0,0,0,0,1,0,0,0.888888888888889,0.0171,0.043,0.0795,0.2161,0.5931,0.8433,0.8945
0.491935725162711,0.233333333333333,0.524752475247525,0.157894736842105,0.44,0.318181818181818,0.32697807435653,0.5,0.47312210751157,0.16,0.295843520782396,0.765201122544434,0.00833703868385949,0.0896899738510585,0,0.125,0,0.0834239130434783,0.031434184675835,1,0.23469387755102,0.0114911709503198,0,0,0,1,0,0,0,0,0,0,0.888888888888889,0.2133,0.6892,0.7755,0.8684,0.9789,0.9777,0.9712
0.178954935490526,0.193333333333333,0.673267326732673,0.157894736842105,0.16,0.454545454545455,0.131935176358437,0.193181818181818,0.127091491634033,0.22,0.284433577832111,0.664172123479888,0.0323477100933748,0.302606834545259,0,0.25,0.111111111111111,0.489130434782609,0.172233136869679,0,0.183673469387755,0.0880989772857854,0,0,0,0,1,0,0,0,0,0,0.166666666666667,0.0261,0.0453,0.0974,0.1375,0.1902,0.2384,0.2855
0.247852439990363,0.376666666666667,0.722772277227723,0.157894736842105,0.16,0.363636363636364,0.220209723546234,0.227272727272727,0.211819152723389,0.14,0.343928280358598,0.501403180542563,0.0323477100933748,0.302606834545259,0,0.25,0.111111111111111,0.489130434782609,0.172233136869679,0,0.489795918367347,0.068947025701919,1,0,0,0,0,0,0,0,1,0.5,0.888888888888889,0.0025,0.005,0.0135,0.0249,0.0475,0.0968,0.1502
0.0149608754328583,0.0733333333333333,0.396039603960396,0.105263157894737,0.12,0.227272727272727,0.099904671115348,0.0113636363636364,0,1,0.097799511002445,0.936389148737137,0.145953757225434,0.277904144428126,0.166666666666667,0.125,0.037037037037037,0.135597826086957,0.111329404060249,0,0.13265306122449,0.135978856245451,0,0,1,0,0,0,0,0,0,0,0.888888888888889,0.01,0.0201,0.0322,0.0442,0.052,0.0686,0.084
0.16824666193193,0.436666666666667,0.614554455445545,0.105263157894737,0.16,0.318181818181818,0.16606291706387,0.147727272727273,0.112139551441794,0.26,0.315403422982885,0.610851262862488,0,1,0.666666666666667,0.875,1,0.834239130434783,0.692206941715783,1,0.15,0.0497950741180526,0,0,1,0,0,0,0,0,0,0.25,0.888888888888889,0.6363,0.6683,0.7604,0.8071,0.8832,0.9299,0.9791
0.0591088826703915,0.126666666666667,0.564356435643564,0.0526315789473684,0.08,0.181818181818182,0.0913250714966635,0.0681818181818182,0.0640797436810253,0.48,0.3039934800326,0.480823199251637,0.26856380613606,0,0.333333333333333,0.125,0.037037037037037,0,0.132285527177472,0,0.0816326530612245,0.0880989772857854,1,0,1,0,0,0,0,0,0,0,0.444444444444444,0.044,0.1153,0.3144,0.5324,0.6603,0.7253,0.7652
0.0512154677862062,0.18,0.673267326732673,0.0526315789473684,0.08,0.136363636363636,0.0587225929456625,0.0568181818181818,0.048059807760769,0.42,0.32681336593317,0.506080449017774,0.0142285460204535,0,0.333333333333333,0.125,0.037037037037037,0,0.132285527177472,0.5,0.23469387755102,0.107250928869652,1,1,0,0,0,0,0,1,0,0.5,0.888888888888889,0.0034,0.0361,0.0648,0.0781,0.0917,0.1022,0.1131
0.143444410674889,0.66,0.217821782178218,0.0526315789473684,0.28,0.0909090909090909,0.127359389895138,0.147727272727273,0.171947312210751,0.74,0.0888345558272209,0.554256314312441,0.00700311249444197,0,0.333333333333333,0.125,0.037037037037037,0,0.132285527177472,0.5,0.693877551020408,0.375378251043781,0,0,0,0,0,0,0,1,0,0.5,1,0.0025,0.005,0.0115,0.014,0.0192,0.0409,0.0512
0.149713474945002,0.406666666666667,0.534653465346535,0.0526315789473684,0.28,0.227272727272727,0.153670162059104,0.136363636363636,0.117123531505874,0.58,0.267318663406683,0.712815715622077,0.0579146287238773,0.109870329906509,0,0,0.037037037037037,0.309782608695652,0,1,0.183673469387755,0.0306431225341862,1,0,0,0,0,0,0,0,1,0.5,0.888888888888889,0.8534,0.8793,0.9073,0.8932,0.875,0.8577,0.8728
0.247852439990363,0.376666666666667,0.722772277227723,0.157894736842105,0.16,0.363636363636364,0.220209723546234,0.227272727272727,0.211819152723389,0.14,0.343928280358598,0.501403180542563,0.0316807469986661,0.800244922448687,0.333333333333333,0.75,0.592592592592593,0.2536875,0.618598559266536,0,0.316326530612245,0.068947025701919,1,0,0,0,0,0,0,0,1,0.5,0.888888888888889,0.0281,0.1142,0.223,0.32,0.5609,0.6467,0.7068
0.768539879657902,0.4,0.614554455445545,0.315789473684211,0.44,1,0.424213536701621,0.795454545454545,0.237095051619794,0.0199999999999999,0.381418092909535,0.507951356407858,0.00833703868385949,0.0896899738510585,0,0.125,0,0.0834239130434783,0.031434184675835,0.5,0.489795918367347,0.0306431225341862,0,1,1,0,0,0,0,0,0,0,0.888888888888889,0.1188,0.241,0.3383,0.4427,0.6224,0.8078,0.9127
0,0.27,0.415841584158416,0.0526315789473684,0.04,0.136363636363636,0.0606291706387035,0,0.00391598433606266,0.82,0.167889160554197,1,0.0142285460204535,0,0.333333333333333,0.125,0.037037037037037,0,0.132285527177472,0,0.0816326530612245,0.758417282721109,1,0,0,0,0,0,0,0,1,0.5,1,0.0307,0.1157,0.1856,0.2947,0.5127,0.5692,0.6375
0.119780700856504,0.473333333333333,0.564356435643564,0.105263157894737,0.2,0.0909090909090909,0.193517635843661,0.113636363636364,0.16375934496262,0.54,0.215158924205379,0.521983161833489,0.0299021787461094,0.109870329906509,0,0,0.037037037037037,0.309782608695652,0,0.5,0.183673469387755,0.0306431225341862,0,0,1,0,0,0,0,0,0,0,0.444444444444444,0.9871,0.9875,0.9908,0.9926,1,1,1
0.414481837665722,0.367333333333333,0.821782178217822,0,0.32,0.5,0.180171591992374,0.409090909090909,0.344962620149519,0.24,0.386308068459658,0.4822263797942,0.0323477100933748,0.302606834545259,0,0.25,0.111111111111111,0.489130434782609,0.172233136869679,1,0.387755102040816,0.183858735205117,0,0,1,0,0,0,0,0,0,0.5,0.888888888888889,0.1782,0.3309,0.494,0.633,0.8021,0.8564,0.91
0.0811915473927716,0.32,0.534653465346535,0,0.16,0,0.0905624404194471,0.0795454545454545,0.107155571377714,0.74,0.241238793806031,0.0935453695042095,0.0299021787461094,0.109870329906509,0,0,0.037037037037037,0.309782608695652,0,0.5,0.316326530612245,0.068947025701919,0,1,0,0,0,0,0,1,0,0.25,0.555555555555556,0.6247,0.7231,0.7557,0.8179,0.847,0.858,0.8585
0.104922183920897,0.366666666666667,0.732673267326733,0,0.08,0.227272727272727,0.0482364156339371,0.102272727272727,0.060875756496974,0.26,0.504482477587612,0.748362956033676,0.0142285460204535,0,0.333333333333333,0.125,0.037037037037037,0,0.132285527177472,0.5,0.489795918367347,0.107250928869652,0,0,0,0,0,0,0,0,1,0,0.222222222222222,0.5736,0.6329,0.675,0.7277,0.825,0.9019,0.9991
0.150776428570304,0.371523333333333,0.683168316831683,0.0526315789473684,0.24,0.136363636363636,0.106005719733079,0.136363636363636,0.136703453186187,0.3482,0.329747351263244,0.679092609915809,0.0323477100933748,0.302606834545259,0,0.25,0.111111111111111,0.489130434782609,0.172233136869679,1,0.387755102040816,0.758417282721109,0,0,0,1,0,0,0,0,0,0,1,0.197,0.3943,0.5506,0.6718,0.7202,0.7432,0.764
0.494998606349691,0.586666666666667,0.415841584158416,0.263157894736842,0.52,0.590909090909091,0.414680648236416,0.511363636363636,0.537201851192595,0.26,0.246943765281174,0.811973807296539,0.00833703868385949,0.0896899738510585,0,0.125,0,0.0834239130434783,0.031434184675835,0.5,0.0306122448979592,0.0114911709503198,0,0,0,0,0,0,0,1,0,0.5,0.888888888888889,0.045,0.1287,0.3322,0.5584,0.8653,0.9762,0.9821
0.217536215223701,0.393333333333333,0.702970297029703,0.0526315789473684,0.24,0.5,0.16091515729266,0.227272727272727,0.232823068707725,0.16,0.458027709861451,0,0.0316807469986661,0.800244922448687,0.333333333333333,0.75,0.592592592592593,0.2536875,0.618598559266536,0,0.0714285714285714,0.00766078063354656,0,1,0,0,0,0,0,1,0,0,0.444444444444444,0.1267,0.3362,0.6215,0.7724,0.8534,0.8991,0.9068
0.131578698724298,0.39,0.524752475247525,0.0526315789473684,0.24,0.227272727272727,0.197330791229743,0.136363636363636,0.162691349234603,0.36,0.23879380603097,0.548643592142189,0.0316807469986661,0.800244922448687,0.333333333333333,0.75,0.592592592592593,0.2536875,0.618598559266536,1,0.795918367346939,0.068947025701919,1,1,1,0,0,0,0,0,0,0.5,0.888888888888889,0.1087,0.1719,0.2268,0.2711,0.3465,0.4422,0.5105
0.104075757885935,0.886666666666667,0.405940594059406,0.105263157894737,0.12,0.136363636363636,0.153288846520496,0.0909090909090909,0.0996796012815949,0.484,0.255093724531377,0.489710009354537,0.0142285460204535,0,0.333333333333333,0.125,0.037037037037037,0,0.132285527177472,0.5,0.0714285714285714,0.068947025701919,0,0,0,0,0,0,0,0,1,0.5,0.888888888888889,0.9716,0.9818,0.9563,0.9854,0.9686,0.9727,0.9714
0.058297888422939,0.866666666666667,0.356435643564356,0.157894736842105,0.24,0.0454545454545455,0.235462345090562,0.0681818181818182,0.0555357778568886,0.74,0.134474327628362,0.58933582787652,0.0106714095153402,0,0.333333333333333,0.125,0.037037037037037,0,0.132285527177472,0,0.183673469387755,0.068947025701919,1,0,1,0,0,0,0,0,0,0.5,1,0.03,0.0629,0.0858,0.1044,0.1444,0.2103,0.2489
0.0401883081400201,0.323333333333333,0.584158415841584,0.0526315789473684,0.08,0.136363636363636,0.0762631077216397,0.0454545454545455,0.0448558205767177,0.388,0.3039934800326,0.495322731524789,0.0299021787461094,0.109870329906509,0,0,0.037037037037037,0.309782608695652,0,1,0.387755102040816,0.375378251043781,0,0,1,0,0,0,0,0,0,0.5,0.222222222222222,0.0282,0.0725,0.1323,0.1825,0.2754,0.2695,0.206
0.14903475937092,0.206666666666667,0.831683168316832,0,0.04,0.272727272727273,0,0.170454545454545,0.0989676041295835,0.16,0.458842705786471,0.692235734331151,0.0499110715873722,0.109870329906509,0,0,0.037037037037037,0.309782608695652,0,1,0.795918367346939,0.0880989772857854,0,0,0,0,1,0,0,0,0,0.5,0.444444444444444,0.2077,0.2068,0.2068,0.2093,0.206,0.2115,0.2084
0.244637595803617,0.72,0.752475247524752,0.105263157894737,0.24,0.318181818181818,0.178265014299333,0.227272727272727,0.22748309006764,0,0.439282803585982,0.634705332086062,0.019341929746554,0.501954454275173,1,1,0.148148148148148,0.383152173913043,1,0.5,0.387755102040816,0.0153215612670931,0,0,0,0,1,0,0,0,0,0.25,0.888888888888889,0.2336,0.3879,0.4696,0.5083,0.5743,0.6422,0.6861
0.236118219340087,0.343333333333333,0.782178217821782,0.0526315789473684,0.16,0.272727272727273,0.16510962821735,0.181818181818182,0.103239587041652,0.0799999999999999,0.513447432762836,0.61599625818522,0.0106714095153402,0,0.333333333333333,0.125,0.037037037037037,0,0.132285527177472,0.5,0.795918367346939,0.183858735205117,0,0,0,0,0,0,0,0,1,0.5,0.444444444444444,0.0424,0.061,0.0732,0.0863,0.1025,0.1134,0.1287
0.13777532467328,0.313333333333333,0.683168316831683,0.105263157894737,0.16,0.318181818181818,0.131744518589132,0.113636363636364,0.092559629761481,0.18,0.43357783211084,0.519176800748363,0.0316807469986661,0.800244922448687,0.333333333333333,0.75,0.592592592592593,0.2536875,0.618598559266536,0.5,0.183673469387755,0.375378251043781,0,0,0,0,0,0,0,0,1,0,0.888888888888889,0.2041,0.425,0.5095,0.5853,0.6829,0.8109,0.8623
0.104890688998666,0.463333333333333,0.544554455445545,0.0526315789473684,0.12,0.0454545454545455,0.100285986653956,0.102272727272727,0.100035599857601,0.52,0.330073349633252,0.637979420018709,0.0316807469986661,0.800244922448687,0.333333333333333,0.75,0.592592592592593,0.2536875,0.618598559266536,0,0.183673469387755,0.0383039031677328,0,0,0,0,1,0,0,0,0,0,0.888888888888889,0.7805,0.9402,0.9722,0.9822,0.9961,1,1
0.106405594757985,0.353333333333333,0.514851485148515,0.0526315789473684,0.16,0.136363636363636,0.167969494756911,0.102272727272727,0.110715557137771,0.42,0.306438467807661,0.769878391019645,0.00700311249444197,0,0.333333333333333,0.125,0.037037037037037,0,0.132285527177472,0,0.0714285714285714,0.0306431225341862,0,0,0,0,0,0,0,1,0,0.5,0.444444444444444,0.4705,0.8059,0.9293,0.9685,0.9973,1,1
0.218481062890635,0.846666666666667,1,0.105263157894737,0.08,0.0454545454545455,0.0972354623450906,0.352272727272727,0.261302954788181,0.06,0.572942135289324,0.521047708138447,0.0499110715873722,0.109870329906509,0,0,0.037037037037037,0.309782608695652,0,0.5,0.23469387755102,0.107250928869652,0,1,0,0,0,0,0,1,0,0.5,0.888888888888889,0.3826,0.4977,0.6184,0.7335,0.8174,0.9019,0.941
0.0678014812061925,0.51,0.544554455445545,0.105263157894737,0.12,0.227272727272727,0.163584366062917,0.0568181818181818,0.0498398006407974,0.4,0.298288508557457,0.744153414405987,0.00233437083148066,0.109870329906509,0,0,0.037037037037037,0.309782608695652,0,0.5,0.0204081632653061,0.068947025701919,1,0,1,0,0,0,0,0,0,0.5,1,0.7772,0.8211,0.8527,0.8756,0.9037,0.9302,0.9444
0.135570680117098,0.66,0.554455445544554,0.105263157894737,0.24,0.0909090909090909,0.246901811248808,0.113636363636364,0.169811320754717,0.54,0.221678891605542,0.508419083255379,0.0130057803468208,0.75549844180965,0,0.75,0.444444444444444,1,0.404715127701375,1,0.285714285714286,0.0306431225341862,0,0,1,0,0,0,0,0,0,0,0.888888888888889,0.3453,0.4032,0.4238,0.4614,0.4858,0.4799,0.5061
0.148948148334785,1,0.574257425742574,0.105263157894737,0.2,0.363636363636364,0.16510962821735,0.159090909090909,0.126735493058028,0.26,0.330888345558272,0.664172123479888,0.200422409959982,0.0223765984883763,0.166666666666667,0.125,0.037037037037037,0.135597826086957,0.111329404060249,0.5,0.693877551020408,0.068947025701919,0,0,1,0,0,0,0,0,0,0.5,0.888888888888889,0.0955,0.3231,0.6152,0.6977,0.851,0.9213,0.9437
0.292494130133869,0.371523333333333,0.920792079207921,0,0.2,0.590909090909091,0.136129647283127,0.295454545454545,0.239943040227839,0.3482,0.600651996740016,0.689429373246024,0.0106714095153402,0,0.333333333333333,0.125,0.037037037037037,0,0.132285527177472,0,0.285714285714286,0.279618493124449,0,0,1,0,0,0,0,0,0,0.5,1,0.9248,0.98,0.9927,0.9973,1,1,0.9973
0.186888506400556,0.26,0.544554455445545,0,0.16,0.0909090909090909,0.151000953288847,0.181818181818182,0.237451050195799,0.16,0.288508557457213,0.0701590271281572,0.0499110715873722,0.109870329906509,0,0,0.037037037037037,0.309782608695652,0,0.5,0.15,0.145554832037385,1,0,1,0,0,0,0,0,0,0.25,1,0.0545,0.1133,0.1707,0.207,0.2803,0.3286,0.3639
0.159170612717965,0.34,0.594059405940594,0.0526315789473684,0.24,0.136363636363636,0.152335557673975,0.147727272727273,0.151655393378426,0.24,0.361043194784026,0.818521983161833,0.0805913739439751,0.246516459504961,0.166666666666667,0.375,0.111111111111111,0.391304347826087,0.283562540929928,1,0.23469387755102,0.183858735205117,0,0,0,0,0,1,0,0,0,0.5,0.444444444444444,0,0.0179,0.0239,0.0299,0.0479,0.0538,0.0598
0.217536215223701,0.393333333333333,0.702970297029703,0.0526315789473684,0.24,0.5,0.16091515729266,0.227272727272727,0.232823068707725,0.16,0.458027709861451,0,0.0499110715873722,0.109870329906509,0,0,0.037037037037037,0.309782608695652,0,0,0.0714285714285714,0.00766078063354656,0,1,0,0,0,0,0,1,0,0,0.444444444444444,0.0898,0.3295,0.588,0.6516,0.7228,0.7453,0.749
0.142995608033095,0.0816666666666667,0.772277227722772,0,0.12,0.318181818181818,0.0878932316491897,0.136363636363636,0.109291562833749,0.0799999999999999,0.431947840260799,0.0701590271281572,0.0130057803468208,0.75549844180965,0,0.75,0.444444444444444,1,0.404715127701375,0,0.183673469387755,0.758417282721109,0,1,1,0,0,0,0,0,0,0.25,0.888888888888889,0.3517,0.6939,0.7093,0.7265,0.7219,0.7405,0.7317
0.26514157754916,0.371523333333333,0.900990099009901,0.0526315789473684,0.24,0.363636363636364,0.130600571973308,0.261363636363636,0.22249911000356,0.0399999999999999,0.527302363488183,0.94200187090739,0.0744775455758115,0.277919815882795,0.166666666666667,0.375,0.148148148148148,0.418478260869565,0.283562540929928,0.5,0.0816326530612245,0.216076148159497,0,0,0,0,1,0,0,0,0,0.5,0.166666666666667,0.3563,0.6848,0.6781,0.57,0.3925,0.4136,0.2246
0.26514157754916,0.371523333333333,0.900990099009901,0.0526315789473684,0.24,0.363636363636364,0.130600571973308,0.261363636363636,0.22249911000356,0.0399999999999999,0.527302363488183,0.94200187090739,0.019341929746554,0.501954454275173,1,1,0.148148148148148,0.383152173913043,1,0.5,0.0816326530612245,0.216076148159497,0,0,0,0,1,0,0,0,0,0.5,0.166666666666667,0.2983,0.5688,0.7602,0.8647,0.8925,0.8701,0.7898
0.0649511907442722,0.503333333333333,0.772277227722772,0.105263157894737,0.08,0.136363636363636,0.0816015252621544,0.0568181818181818,0.0523317906728373,0.38,0.41401792991035,0.480823199251637,0.0499110715873722,0.109870329906509,0,0,0.037037037037037,0.309782608695652,0,1,0.23469387755102,0.0880989772857854,0,0,0,0,0,0,0,0,1,0.5,0.888888888888889,0.3453,0.5553,0.6867,0.7754,0.8314,0.9061,0.9458
0.123681346974834,0.78,0.514851485148515,0.105263157894737,0.2,0.0909090909090909,0.16510962821735,0.136363636363636,0.161623353506586,0.48,0.161369193154034,0.481758652946679,0.00700311249444197,0,0.333333333333333,0.125,0.037037037037037,0,0.132285527177472,0,0.15,0.375378251043781,0,0,0,0,0,0,0,0,1,0.1,0.666666666666667,0.336,0.3301,0.3459,0.3692,0.3741,0.3766,0.3668
0.0575207512168851,0.53,0.425742574257426,0.0526315789473684,0.04,0,0.108484270734032,0.0681818181818182,0.0822356710573158,0.58,0.179299103504482,0.915809167446211,0.200422409959982,0.0223765984883763,0.166666666666667,0.125,0.037037037037037,0.135597826086957,0.111329404060249,0.5,0.183673469387755,0.0383039031677328,0,0,0,0,0,0,0,1,0,0.5,0.888888888888889,0.1265,0.1914,0.2405,0.285,0.3574,0.471,0.5786
0.0583104863918315,0.37,0.346534653465347,0.105263157894737,0.2,0.136363636363636,0.19161105815062,0.0454545454545455,0.0694197223211107,0.68,0.100244498777506,0.587464920486436,0.0142285460204535,0,0.333333333333333,0.125,0.037037037037037,0,0.132285527177472,0,0.0306122448979592,0.288236871337189,1,0,0,0,0,0,0,0,1,0.5,1,0.2551,0.4768,0.7208,0.8648,0.9722,0.9902,0.9944
0.244637595803617,0.72,0.752475247524752,0.105263157894737,0.24,0.318181818181818,0.178265014299333,0.227272727272727,0.22748309006764,0,0.439282803585982,0.634705332086062,0.0744775455758115,0.277919815882795,0.166666666666667,0.375,0.148148148148148,0.418478260869565,0.283562540929928,0.5,0.387755102040816,0.0153215612670931,0,0,0,0,1,0,0,0,0,0.25,0.444444444444444,0.077,0.1394,0.183,0.2139,0.2548,0.3015,0.3413
0.0922651620492486,0.4,0.633663366336634,0,0.08,0,0.0703527168732126,0.102272727272727,0.149519401922392,0.324,0.372453137734311,0.0701590271281572,0.0106714095153402,0,0.333333333333333,0.125,0.037037037037037,0,0.132285527177472,0.5,0.0918367346938776,0.0114911709503198,0,0,0,0,0,0,0,1,0,0.5,0.888888888888889,0.1096,0.1439,0.1507,0.1531,0.1589,0.1639,0.1606
0.292494130133869,0.371523333333333,0.920792079207921,0,0.2,0.590909090909091,0.136129647283127,0.295454545454545,0.239943040227839,0.3482,0.600651996740016,0.689429373246024,0.0106714095153402,0,0.333333333333333,0.125,0.037037037037037,0,0.132285527177472,0,0.693877551020408,0.279618493124449,0,0,1,0,0,0,0,0,0,0.5,1,0.4009,0.4348,0.4581,0.4787,0.5013,0.5259,0.5505
0.122972711224633,0.04,0.772277227722772,0.0526315789473684,0.08,0.363636363636364,0.0684461391801716,0.136363636363636,0.0797436810252759,0.3482,0.329747351263244,0.467726847521048,0,1,0.666666666666667,0.875,1,0.834239130434783,0.692206941715783,0,0.285714285714286,0.758417282721109,0,0,1,0,0,0,0,0,0,0,0.888888888888889,0.089,0.1805,0.2535,0.3177,0.4486,0.5887,0.6822
0.135570680117098,0.66,0.554455445544554,0.105263157894737,0.24,0.0909090909090909,0.246901811248808,0.113636363636364,0.169811320754717,0.54,0.221678891605542,0.508419083255379,0.200422409959982,0.0223765984883763,0.166666666666667,0.125,0.037037037037037,0.135597826086957,0.111329404060249,1,0.285714285714286,0.0306431225341862,0,0,1,0,0,0,0,0,0,0,0.888888888888889,0.5202,0.6184,0.6113,0.6107,0.5661,0.6065,0.5944
0.0339775094760347,0,0.663366336633663,0.0526315789473684,0,0,0.0261201143946616,0.0340909090909091,0.0605197579209683,0.34,0.377343113284434,0.679092609915809,0.0499110715873722,0.109870329906509,0,0,0.037037037037037,0.309782608695652,0,0.5,0.489795918367347,0.183858735205117,1,0,0,0,1,0,0,0,0,0,0.444444444444444,0.1353,0.1492,0.1646,0.1792,0.2146,0.1962,0.183
0.13777532467328,0.313333333333333,0.683168316831683,0.105263157894737,0.16,0.318181818181818,0.131744518589132,0.113636363636364,0.092559629761481,0.18,0.43357783211084,0.519176800748363,0.0316807469986661,0.800244922448687,0.333333333333333,0.75,0.592592592592593,0.2536875,0.618598559266536,0.5,0.795918367346939,0.375378251043781,0,0,0,0,0,0,0,0,1,0,0.888888888888889,0.0978,0.1986,0.243,0.306,0.4355,0.5148,0.5522
0.256224577692462,0.356666666666667,0.326732673267327,0.210526315789474,0.44,0.545454545454545,0.264061010486177,0.261363636363636,0.145959416162335,0.68,0.159739201303993,0.598690364826941,0.0579146287238773,0.109870329906509,0,0,0.037037037037037,0.309782608695652,0,0.5,0.316326530612245,0.0306431225341862,0,0,0,0,0,0,1,0,0,0,0.888888888888889,0.0103,0.0247,0.027,0.0289,0.032,0.035,0.04
0.256224577692462,0.356666666666667,0.326732673267327,0.210526315789474,0.44,0.545454545454545,0.264061010486177,0.261363636363636,0.145959416162335,0.68,0.159739201303993,0.598690364826941,0.200422409959982,0.0223765984883763,0.166666666666667,0.125,0.037037037037037,0.135597826086957,0.111329404060249,1,0.183673469387755,0.0880989772857854,0,0,0,0,1,0,0,0,0,0.5,0.444444444444444,0.4468,0.4863,0.5592,0.5775,0.6018,0.6443,0.6686
0.768539879657902,0.4,0.614554455445545,0.315789473684211,0.44,1,0.424213536701621,0.795454545454545,0.237095051619794,0.0199999999999999,0.381418092909535,0.507951356407858,0.00833703868385949,0.0896899738510585,0,0.125,0,0.0834239130434783,0.031434184675835,0.5,0.15,0.0306431225341862,0,1,1,0,0,0,0,0,0,0,0.888888888888889,0.7748,0.8819,0.8989,0.9099,0.9295,0.9354,0.9446
0.0449235696974755,0.493333333333333,0.504950495049505,0.0526315789473684,0,0,0.0758817921830315,0.0568181818181818,0.0622997508009968,0.58,0.207008964955175,0.949485500467727,0.0316807469986661,0.800244922448687,0.333333333333333,0.75,0.592592592592593,0.2536875,0.618598559266536,0.5,0.418367346938775,0.758417282721109,0,0,0,0,0,0,0,1,0,0.25,0.444444444444444,0.6504,0.7286,0.7611,0.7671,0.7751,0.7568,0.7708
0.256224577692462,0.356666666666667,0.326732673267327,0.210526315789474,0.44,0.545454545454545,0.264061010486177,0.261363636363636,0.145959416162335,0.68,0.159739201303993,0.598690364826941,0.0579146287238773,0.109870329906509,0,0,0.037037037037037,0.309782608695652,0,0.5,0.153061224489796,0.0306431225341862,0,0,0,0,0,0,1,0,0,0,0.888888888888889,0.8039,0.8984,0.9829,0.983,0.9959,1,1
0.131578698724298,0.39,0.524752475247525,0.0526315789473684,0.24,0.227272727272727,0.197330791229743,0.136363636363636,0.162691349234603,0.36,0.23879380603097,0.548643592142189,0.200422409959982,0.0223765984883763,0.166666666666667,0.125,0.037037037037037,0.135597826086957,0.111329404060249,0.5,0.489795918367347,0.0306431225341862,0,0,0,0,0,0,1,0,0,1,0.111111111111111,0.2034,0.3738,0.5059,0.5138,0.5028,0.5041,0.5057
0.0846355171387493,0.496666666666667,0.475247524752475,0.105263157894737,0.08,0.0454545454545455,0.105243088655863,0.0795454545454545,0.0911356354574582,0.52,0.199674001629992,0.795603367633302,0.0106714095153402,0,0.333333333333333,0.125,0.037037037037037,0,0.132285527177472,1,0.0714285714285714,0.068947025701919,0,0,0,0,0,0,0,1,0,0,1,0.0224,0.0343,0.0481,0.0598,0.0729,0.0908,0.1034
0.0846355171387493,0.496666666666667,0.475247524752475,0.105263157894737,0.08,0.0454545454545455,0.105243088655863,0.0795454545454545,0.0911356354574582,0.52,0.199674001629992,0.795603367633302,0.0106714095153402,0,0.333333333333333,0.125,0.037037037037037,0,0.132285527177472,0,0.0714285714285714,0.068947025701919,0,0,0,0,0,0,0,1,0,0,1,0.0357,0.0535,0.0758,0.0804,0.1093,0.1316,0.1487
0.494998606349691,0.586666666666667,0.415841584158416,0.263157894736842,0.52,0.590909090909091,0.414680648236416,0.511363636363636,0.537201851192595,0.26,0.246943765281174,0.811973807296539,0.0499110715873722,0.109870329906509,0,0,0.037037037037037,0.309782608695652,0,0.5,0.0816326530612245,0.0114911709503198,0,0,0,0,0,0,0,1,0,0.5,0.888888888888889,0.042,0.0929,0.1158,0.1454,0.2343,0.4282,0.5737
0.0583104863918315,0.37,0.346534653465347,0.105263157894737,0.2,0.136363636363636,0.19161105815062,0.0454545454545455,0.0694197223211107,0.68,0.100244498777506,0.587464920486436,0.0142285460204535,0,0.333333333333333,0.125,0.037037037037037,0,0.132285527177472,0,1,0.288236871337189,1,0,0,0,0,0,0,0,1,0.5,1,0.1023,0.224,0.2541,0.262,0.2888,0.3003,0.3027
0.0716674829100678,0.696666666666667,0.425742574257426,0.157894736842105,0.16,0.0454545454545455,0.1534795042898,0.0795454545454545,0.0932716269134923,0.58,0.256723716381418,0.615528531337699,0.00833703868385949,0.0896899738510585,0,0.125,0,0.0834239130434783,0.031434184675835,1,0.316326530612245,0.068947025701919,0,0,0,0,0,0,0,1,0,0.5,0.888888888888889,0.5947,0.6715,0.6763,0.6621,0.6563,0.6789,0.6675
0.201810800553681,0.2,0.693069306930693,0.105263157894737,0.2,0.454545454545455,0.201143946615825,0.215909090909091,0.162691349234603,0.36,0.335778321108394,0.503741814780168,0.0130057803468208,0.75549844180965,0,0.75,0.444444444444444,1,0.404715127701375,1,0.23469387755102,0.216076148159497,1,1,0,0,1,0,0,0,0,0.25,0.0555555555555556,0.0036,0.0102,0.0168,0.0205,0.0248,0.0358,0.0453
0.0512154677862062,0.18,0.673267326732673,0.0526315789473684,0.08,0.136363636363636,0.0587225929456625,0.0568181818181818,0.048059807760769,0.42,0.32681336593317,0.506080449017774,0.200422409959982,0.0223765984883763,0.166666666666667,0.125,0.037037037037037,0.135597826086957,0.111329404060249,0.5,0.183673469387755,0.0306431225341862,1,0,0,0,0,0,0,1,0,0.5,0.888888888888889,0.0313,0.0647,0.0824,0.1197,0.1668,0.2274,0.2866
0.0339775094760347,0,0.663366336633663,0.0526315789473684,0,0,0.0261201143946616,0.0340909090909091,0.0605197579209683,0.34,0.377343113284434,0.679092609915809,0.0130057803468208,0.75549844180965,0,0.75,0.444444444444444,1,0.404715127701375,0.5,0.23469387755102,0.183858735205117,1,0,0,0,1,0,0,0,0,0,0.444444444444444,0.6332,0.6628,0.7175,0.7585,0.8385,0.8405,0.8456
0.101698678630538,0.163333333333333,0.574257425742574,0,0.04,0.227272727272727,0.0650142993326978,0.113636363636364,0.0847276610893556,0.56,0.264873675631622,0.539289055191768,0.0142285460204535,0,0.333333333333333,0.125,0.037037037037037,0,0.132285527177472,0,0.0816326530612245,0.216076148159497,1,0,0,0,0,0,0,0,1,0.5,1,0.0463,0.0892,0.1487,0.1687,0.3671,0.6124,0.8069
0.161435884999441,0.296666666666667,0.643564356435644,0.0526315789473684,0.16,0.272727272727273,0.110772163965682,0.136363636363636,0.164827340690637,0.28,0.39119804400978,0.570626753975678,0.019341929746554,0.501954454275173,1,1,0.148148148148148,0.383152173913043,1,0.5,0.795918367346939,0.107250928869652,0,0,0,0,0,0,1,0,0,0,0.555555555555556,0.0012,0.0025,0.0045,0.0064,0.0154,0.016,0.0197
0.231630980295202,0.513333333333333,0.96039603960396,0.0526315789473684,0.12,0.181818181818182,0.0638703527168732,0.227272727272727,0.241367034531862,0.12,0.638141809290954,0.697380729653882,0.0138950644730992,0.109870329906509,0,0,0.037037037037037,0.309782608695652,0,0.5,0.153061224489796,0.00191519515838664,0,0,1,0,0,0,0,0,0,0,1,0.1449,0.2848,0.3186,0.3205,0.3809,0.3987,0.3988
0.201810800553681,0.2,0.693069306930693,0.105263157894737,0.2,0.454545454545455,0.201143946615825,0.215909090909091,0.162691349234603,0.36,0.335778321108394,0.503741814780168,0.0316807469986661,0.800244922448687,0.333333333333333,0.75,0.592592592592593,0.2536875,0.618598559266536,0.5,0.489795918367347,0.298770444708316,0,0,1,0,0,0,0,0,0,0,0.888888888888889,0.0226,0.0189,0.0257,0.0273,0.0286,0.0438,0.0432
0.178954935490526,0.193333333333333,0.673267326732673,0.157894736842105,0.16,0.454545454545455,0.131935176358437,0.193181818181818,0.127091491634033,0.22,0.284433577832111,0.664172123479888,0.0323477100933748,0.302606834545259,0,0.25,0.111111111111111,0.489130434782609,0.172233136869679,0,0.0306122448979592,0.0880989772857854,0,0,0,0,1,0,0,0,0,0,0.166666666666667,0.1772,0.3316,0.462,0.6019,0.727,0.7783,0.8159
0.768539879657902,0.4,0.614554455445545,0.315789473684211,0.44,1,0.424213536701621,0.795454545454545,0.237095051619794,0.0199999999999999,0.381418092909535,0.507951356407858,0.00833703868385949,0.0896899738510585,0,0.125,0,0.0834239130434783,0.031434184675835,0.5,0.15,0.0306431225341862,0,0,0,1,0,0,0,0,0,0,0.888888888888889,0.7952,0.8363,0.9021,0.9493,0.9846,1,1
0.805814120118484,0.806666666666667,1,0.263157894736842,0.44,0.681818181818182,0.51954242135367,0.818181818181818,0.775720897116412,0.9,1,0.85266604303087,0.0299021787461094,0.109870329906509,0,0,0.037037037037037,0.309782608695652,0,0.5,0.285714285714286,0.095759757919332,0,0,0,0,0,0,0,1,0,0,0.888888888888889,0.2567,0.3358,0.3878,0.4238,0.4896,0.5142,0.5525
0.256224577692462,0.356666666666667,0.326732673267327,0.210526315789474,0.44,0.545454545454545,0.264061010486177,0.261363636363636,0.145959416162335,0.68,0.159739201303993,0.598690364826941,0.0499110715873722,0.109870329906509,0,0,0.037037037037037,0.309782608695652,0,1,0.489795918367347,0.0880989772857854,0,0,0,0,1,0,0,0,0,0.5,0.444444444444444,0.2045,0.2247,0.2323,0.2366,0.2502,0.2525,0.2683
0.119780700856504,0.473333333333333,0.564356435643564,0.105263157894737,0.2,0.0909090909090909,0.193517635843661,0.113636363636364,0.16375934496262,0.54,0.215158924205379,0.521983161833489,0.0299021787461094,0.109870329906509,0,0,0.037037037037037,0.309782608695652,0,1,0.183673469387755,0.0306431225341862,0,0,1,0,0,0,0,0,0,0,0.444444444444444,0.5494,0.803,0.8693,0.886,0.907,0.9096,0.9136
0.123327029099733,0.336666666666667,0.742574257425743,0.0526315789473684,0.08,0.227272727272727,0.114394661582459,0.102272727272727,0.0929156283374866,0.34,0.367563162184189,0.806828811973807,0,1,0.666666666666667,0.875,1,0.834239130434783,0.692206941715783,0,0.0306122448979592,0,0,1,0,0,0,0,0,1,0,0,1,0.5621,0.8454,0.8816,0.8831,0.9078,0.9202,0.9211
0.123327029099733,0.336666666666667,0.742574257425743,0.0526315789473684,0.08,0.227272727272727,0.114394661582459,0.102272727272727,0.0929156283374866,0.34,0.367563162184189,0.806828811973807,0.0499110715873722,0.109870329906509,0,0,0.037037037037037,0.309782608695652,0,0,0.0816326530612245,0.216076148159497,0,1,0,0,0,0,0,1,0,0,1,0.9392,0.9346,0.9346,0.93,0.93,0.9243,0.9116
0.123327029099733,0.336666666666667,0.742574257425743,0.0526315789473684,0.08,0.227272727272727,0.114394661582459,0.102272727272727,0.0929156283374866,0.34,0.367563162184189,0.806828811973807,0.0106714095153402,0,0.333333333333333,0.125,0.037037037037037,0,0.132285527177472,0,0.0816326530612245,0,0,1,0,0,0,0,0,1,0,0,1,0.0927,0.1522,0.1952,0.2372,0.3196,0.4094,0.4818
0.426544392880258,0.213333333333333,0.851485148514851,0.210526315789474,0.32,0.818181818181818,0.372735938989514,0.420454545454545,0.316482734069064,0.06,0.381418092909535,0.939195509822264,0.0142285460204535,0,0.333333333333333,0.125,0.037037037037037,0,0.132285527177472,0.5,0.285714285714286,0.375378251043781,1,0,1,0,0,0,0,0,0,0,0.888888888888889,0.1027,0.3937,0.6117,0.7144,0.7324,0.7599,0.7905
0.140601993943526,0.316666666666667,0.683168316831683,0.0526315789473684,0.12,0.181818181818182,0.118207816968541,0.136363636363636,0.126379494482022,0.18,0.382233088834556,0.476613657623948,0.0130057803468208,0.75549844180965,0,0.75,0.444444444444444,1,0.404715127701375,0.5,0.183673469387755,1,0,0,0,0,0,0,0,0,1,1,0.166666666666667,0.0126,0.0198,0.0199,0.0253,0.0308,0.0381,0.0431
0.0228582271823225,0.02,0.554455445544554,0,0.08,0.181818181818182,0.040419447092469,0.0227272727272727,0.0185119259522962,0.58,0.280358598207009,0.679092609915809,0.00833703868385949,0.0896899738510585,0,0.125,0,0.0834239130434783,0.031434184675835,0,0.23469387755102,0.337074347876049,0,0,0,0,0,0,0,1,0,0,0.888888888888889,0.9687,0.9919,0.9991,1,1,1,1
0.10801262316483,0.606666666666667,0.643564356435644,0.0526315789473684,0.2,0.227272727272727,0.199237368922784,0.102272727272727,0.105731577073692,0.38,0.322738386308068,0.443405051449953,0.00833703868385949,0.0896899738510585,0,0.125,0,0.0834239130434783,0.031434184675835,0.5,0.15,0.145554832037385,0,0,0,0,1,0,0,0,0,0.25,0.888888888888889,0.5803,0.7189,0.7968,0.8545,0.9065,0.9325,0.9383
0.188285306201508,0.413333333333333,0.534653465346535,0,0.36,0.318181818181818,0.193517635843661,0.193181818181818,0.155215379138483,0.3482,0.231458842705786,0.679092609915809,0.0323477100933748,0.302606834545259,0,0.25,0.111111111111111,0.489130434782609,0.172233136869679,0,0.0816326530612245,0.021067146742253,0,0,0,0,0,0,0,0,1,0,0.888888888888889,0.4388,0.7995,0.8675,0.9167,0.9427,0.9367,0.9114
0.188285306201508,0.413333333333333,0.534653465346535,0,0.36,0.318181818181818,0.193517635843661,0.193181818181818,0.155215379138483,0.3482,0.231458842705786,0.679092609915809,0.0323477100933748,0.302606834545259,0,0.25,0.111111111111111,0.489130434782609,0.172233136869679,0,0.0816326530612245,0.021067146742253,0,0,0,1,0,0,0,0,0,0,0.888888888888889,0.337,0.6823,0.7578,0.8333,0.9479,0.9471,0.9141
0.260818112099877,0.54,0.346534653465347,0.105263157894737,0.44,0.545454545454545,0.395614871306006,0.25,0.290850836596654,0.58,0.0162999185004075,0.446679139382601,0.0499110715873722,0.109870329906509,0,0,0.037037037037037,0.309782608695652,0,1,0.489795918367347,0.183858735205117,0,0,1,0,0,0,0,0,0,0.5,0.888888888888889,0.2451,0.4851,0.6309,0.7113,0.849,0.9505,0.9871
0.414481837665722,0.367333333333333,0.821782178217822,0,0.32,0.5,0.180171591992374,0.409090909090909,0.344962620149519,0.24,0.482477587612062,0.4822263797942,0.200422409959982,0.0223765984883763,0.166666666666667,0.125,0.037037037037037,0.135597826086957,0.111329404060249,0.5,0.489795918367347,0.375378251043781,0,0,1,0,0,0,0,0,0,0.5,0.222222222222222,0.0964,0.1945,0.2919,0.3469,0.4517,0.512,0.6003
0.165498729967261,0.816666666666667,0.485148514851485,0.0526315789473684,0.12,0.0454545454545455,0.130409914204004,0.181818181818182,0.196155215379138,0.58,0.228198859005705,0.460243217960711,0.0323477100933748,0.302606834545259,0,0.25,0.111111111111111,0.489130434782609,0.172233136869679,0,0.489795918367347,0.0306431225341862,0,0,0,0,0,0,0,1,0,0.25,0.888888888888889,0.1553,0.3388,0.4099,0.4745,0.5606,0.6287,0.6622
0.165498729967261,0.816666666666667,0.485148514851485,0.0526315789473684,0.12,0.0454545454545455,0.130409914204004,0.181818181818182,0.196155215379138,0.58,0.228198859005705,0.460243217960711,0.0323477100933748,0.302606834545259,0,0.25,0.111111111111111,0.489130434782609,0.172233136869679,1,0.489795918367347,0.00191519515838664,0,0,0,0,0,0,0,1,0,0.25,0.888888888888889,0.6824,0.9924,1,0.9926,1,1,0.9747
0.0331255718296818,0.21,0.534653465346535,0.105263157894737,0.04,0.181818181818182,0.0713060057197331,0.0340909090909091,0.024563901744393,0.52,0.349633251833741,0.611318989710009,0.0499110715873722,0.109870329906509,0,0,0.037037037037037,0.309782608695652,0,0.5,0.183673469387755,0.183858735205117,0,0,0,0,0,0,0,1,0,0.2,1,0.3162,0.4633,0.5423,0.601,0.6856,0.7708,0.8586
0.0599120031872861,0.443333333333333,0.267326732673267,0.105263157894737,0.2,0.136363636363636,0.220209723546234,0.0340909090909091,0.0601637593449626,0.74,0.107579462102689,0.623479887745557,0.0499110715873722,0.109870329906509,0,0,0.037037037037037,0.309782608695652,0,0.5,0.387755102040816,0.566897766882445,0,1,1,0,0,0,0,0,0,0.5,0.166666666666667,0.2747,0.3324,0.37,0.3808,0.393,0.428,0.451
0.0228582271823225,0.02,0.554455445544554,0,0.08,0.181818181818182,0.040419447092469,0.0227272727272727,0.0185119259522962,0.58,0.280358598207009,0.679092609915809,0.0356825255669186,0,0.333333333333333,0.125,0.037037037037037,0,0.132285527177472,0,0.23469387755102,0.337074347876049,0,0,0,0,0,0,0,1,0,0,0.888888888888889,0.3784,0.5537,0.7225,0.8107,0.9322,1,1
0.140601993943526,0.316666666666667,0.683168316831683,0.0526315789473684,0.12,0.181818181818182,0.118207816968541,0.136363636363636,0.126379494482022,0.18,0.382233088834556,0.476613657623948,0.019341929746554,0.501954454275173,1,1,0.148148148148148,0.383152173913043,1,0.5,0.306122448979592,0.068947025701919,0,0,0,0,0,0,0,1,0,1,0.166666666666667,0.1201,0.1613,0.2094,0.2383,0.2796,0.3335,0.3528
0.123327029099733,0.336666666666667,0.742574257425743,0.0526315789473684,0.08,0.227272727272727,0.114394661582459,0.102272727272727,0.0929156283374866,0.34,0.367563162184189,0.806828811973807,0.0106714095153402,0,0.333333333333333,0.125,0.037037037037037,0,0.132285527177472,0,0.183673469387755,0.216076148159497,0,1,0,0,0,0,0,1,0,0,1,0.1666,0.2936,0.4067,0.49,0.5853,0.6598,0.7281
0.058297888422939,0.866666666666667,0.356435643564356,0.157894736842105,0.24,0.0454545454545455,0.235462345090562,0.0681818181818182,0.0555357778568886,0.74,0.134474327628362,0.58933582787652,0.00266785237883504,0,0.333333333333333,0.125,0.037037037037037,0,0.132285527177472,0,0.107142857142857,0.107250928869652,1,0,1,0,0,0,0,0,0,0.5,1,0.2331,0.3584,0.4045,0.4781,0.5429,0.6121,0.7047
0.188285306201508,0.413333333333333,0.534653465346535,0,0.36,0.318181818181818,0.193517635843661,0.193181818181818,0.155215379138483,0.3482,0.231458842705786,0.679092609915809,0.0130057803468208,0.75549844180965,0,0.75,0.444444444444444,1,0.404715127701375,0,0.183673469387755,0.021067146742253,0,0,0,0,1,0,0,0,0,0,0.888888888888889,0.4292,0.8746,0.8797,0.8804,0.9037,0.9365,0.9125
0.188285306201508,0.413333333333333,0.534653465346535,0,0.36,0.318181818181818,0.193517635843661,0.193181818181818,0.155215379138483,0.3482,0.231458842705786,0.679092609915809,0.0323477100933748,0.302606834545259,0,0.25,0.111111111111111,0.489130434782609,0.172233136869679,0,0.0816326530612245,0.021067146742253,0,0,1,0,0,0,0,0,0,0,0.888888888888889,0.3735,0.7266,0.7787,0.8411,0.9479,0.9549,0.9219
0.188285306201508,0.413333333333333,0.534653465346535,0,0.36,0.318181818181818,0.193517635843661,0.193181818181818,0.155215379138483,0.3482,0.231458842705786,0.679092609915809,0.0323477100933748,0.302606834545259,0,0.25,0.111111111111111,0.489130434782609,0.172233136869679,0,0.0816326530612245,0.021067146742253,0,0,0,0,1,0,0,0,0,0,0.888888888888889,0.4728,0.8568,0.9092,0.9557,0.9531,0.9471,0.9167
0.234500167710461,0.553666666666667,0.752475247524752,0.0526315789473684,0.08,0.318181818181818,0.071115347950429,0.238636363636364,0.168031327874688,0.0799999999999999,0.397718011409943,0.704396632366698,0.0106714095153402,0,0.333333333333333,0.125,0.037037037037037,0,0.132285527177472,1,0.183673469387755,0.758417282721109,0,0,0,1,0,0,0,0,0,0,0.555555555555556,0.5553,0.717,0.8581,0.8963,0.9324,0.9527,0.9669
0.14903475937092,0.206666666666667,0.831683168316832,0,0.04,0.272727272727273,0,0.170454545454545,0.0989676041295835,0.16,0.458842705786471,0.692235734331151,0.200422409959982,0.0223765984883763,0.166666666666667,0.125,0.037037037037037,0.135597826086957,0.111329404060249,1,0.183673469387755,0.0880989772857854,0,0,0,0,1,0,0,0,0,0.5,0.444444444444444,0.163,0.2066,0.2868,0.3109,0.3294,0.3467,0.3556
0.188360894014862,0.23,0.564356435643564,0.0526315789473684,0.28,0.409090909090909,0.216396568160153,0.193181818181818,0.208259166963332,0.32,0.313773431132844,0.552385406922357,0.00700311249444197,0,0.333333333333333,0.125,0.037037037037037,0,0.132285527177472,0.5,0.183673469387755,0.107250928869652,1,1,0,0,0,0,0,1,0,0.5,1,0.1349,0.3044,0.4811,0.5842,0.766,0.8737,0.9392
0.0599120031872861,0.443333333333333,0.267326732673267,0.105263157894737,0.2,0.136363636363636,0.220209723546234,0.0340909090909091,0.0601637593449626,0.74,0.107579462102689,0.623479887745557,0.0499110715873722,0.109870329906509,0,0,0.037037037037037,0.309782608695652,0,0.5,0.316326530612245,0.566897766882445,0,1,0,0,0,0,0,0,1,0.5,0.888888888888889,0.2829,0.5203,0.6113,0.6316,0.6705,0.696,0.6996
0.0830867543380319,0.23,0.554455445544554,0,0.04,0.0454545454545455,0.049952335557674,0.0795454545454545,0.0897116411534354,0.34,0.250203748981255,0.453695042095416,0.0106714095153402,0,0.333333333333333,0.125,0.037037037037037,0,0.132285527177472,0,0.489795918367347,0.0497950741180526,1,0,1,0,0,0,0,0,0,0,0.777777777777778,0.5198,0.674,0.8445,0.9206,0.9569,0.9887,1
0.188360894014862,0.23,0.564356435643564,0.0526315789473684,0.28,0.409090909090909,0.216396568160153,0.193181818181818,0.208259166963332,0.32,0.313773431132844,0.552385406922357,0.200422409959982,0.0223765984883763,0.166666666666667,0.125,0.037037037037037,0.135597826086957,0.111329404060249,0,0.0816326530612245,0.0153215612670931,1,0,0,1,0,0,0,0,0,0.5,0.444444444444444,0.102,0.1659,0.2639,0.3318,0.4857,0.6759,0.8315
0.0956839358574414,0.21,0.475247524752475,0.0526315789473684,0.08,0.0454545454545455,0.088465204957102,0.0909090909090909,0.100747597009612,0.46,0.211898940505297,0.798877455565949,0,1,0.666666666666667,0.875,1,0.834239130434783,0.692206941715783,0,0.0816326530612245,0.068947025701919,1,0,1,0,0,0,0,0,0,0,1,0.214,0.4352,0.69,0.736,0.9458,1,1
0.0401883081400201,0.323333333333333,0.584158415841584,0.0526315789473684,0.08,0.136363636363636,0.0762631077216397,0.0454545454545455,0.0448558205767177,0.388,0.3039934800326,0.495322731524789,0.0323477100933748,0.302606834545259,0,0.25,0.111111111111111,0.489130434782609,0.172233136869679,0,0.476530612244898,0.566897766882445,0,0,1,0,0,0,0,0,0,0,0.888888888888889,0.053,0.0909,0.1116,0.1212,0.1284,0.1442,0.1428
0.264092796638862,0.683333333333333,0.940594059405941,0.0526315789473684,0.12,0.318181818181818,0.126596758817922,0.295454545454545,0.242079031683873,0.18,0.578647106764466,0.470065481758653,0.012894619831036,0.0896899738510585,0,0.125,0,0.0834239130434783,0.031434184675835,0.5,0.15,0.145554832037385,0,0,0,0,0,0,0,0,1,0.25,0.888888888888889,0.0987,0.105,0.1151,0.1176,0.1301,0.1453,0.1603
0.768539879657902,0.4,0.614554455445545,0.315789473684211,0.44,1,0.424213536701621,0.795454545454545,0.237095051619794,0.0199999999999999,0.381418092909535,0.507951356407858,0.00833703868385949,0.0896899738510585,0,0.125,0,0.0834239130434783,0.031434184675835,0.5,0.0918367346938776,0.0306431225341862,0,1,1,0,0,0,0,0,0,0,0.888888888888889,0.3269,0.6152,0.7205,0.826,0.8372,0.833,0.9295
0.182338277511208,0.32,0.614554455445545,0.0526315789473684,0.2,0.227272727272727,0.171210676835081,0.136363636363636,0.10751156995372,0.3482,0.329747351263244,0.522918615528531,0.00700311249444197,0,0.333333333333333,0.125,0.037037037037037,0,0.132285527177472,0.5,0.0918367346938776,0.145554832037385,1,0,0,0,1,0,0,0,0,0.5,0.888888888888889,0.0393,0.212,0.4043,0.5453,0.8333,0.9784,0.9827
0.0583104863918315,0.37,0.346534653465347,0.105263157894737,0.2,0.136363636363636,0.19161105815062,0.0454545454545455,0.0694197223211107,0.68,0.100244498777506,0.587464920486436,0.0142285460204535,0,0.333333333333333,0.125,0.037037037037037,0,0.132285527177472,0,0.13265306122449,0.288236871337189,1,0,0,0,0,0,0,0,1,0.5,1,0.1439,0.3074,0.4014,0.5592,0.7722,0.803,0.8222
0.234500167710461,0.553666666666667,0.752475247524752,0.0526315789473684,0.08,0.318181818181818,0.071115347950429,0.238636363636364,0.168031327874688,0.0799999999999999,0.397718011409943,0.704396632366698,0.200422409959982,0.0223765984883763,0.166666666666667,0.125,0.037037037037037,0.135597826086957,0.111329404060249,1,0.183673469387755,0.758417282721109,0,0,0,1,0,0,0,0,0,0,0.555555555555556,0.0898,0.1883,0.2965,0.3857,0.548,0.7154,0.8138
0.234500167710461,0.553666666666667,0.752475247524752,0.0526315789473684,0.08,0.318181818181818,0.071115347950429,0.238636363636364,0.168031327874688,0.0799999999999999,0.397718011409943,0.704396632366698,0.0499110715873722,0.109870329906509,0,0,0.037037037037037,0.309782608695652,0,1,0.183673469387755,0.758417282721109,0,0,0,0,0,0,0,1,0,0,0.555555555555556,1e-04,0.0031,0.008,0.0101,0.0211,0.0292,0.0373
0.0339775094760347,0,0.663366336633663,0.0526315789473684,0,0,0.0261201143946616,0.0340909090909091,0.0605197579209683,0.34,0.377343113284434,0.679092609915809,0.0130057803468208,0.75549844180965,0,0.75,0.444444444444444,1,0.404715127701375,0.5,0.15,0.183858735205117,1,0,1,0,0,0,0,0,0,0,0.444444444444444,0.4464,0.4578,0.4692,0.4806,0.4945,0.4533,0.4083
0.0339775094760347,0,0.663366336633663,0.0526315789473684,0,0,0.0261201143946616,0.0340909090909091,0.0605197579209683,0.34,0.377343113284434,0.679092609915809,0.0106714095153402,0,0.333333333333333,0.125,0.037037037037037,0,0.132285527177472,0,0.0714285714285714,0.183858735205117,1,0,0,0,1,0,0,0,0,0,0.444444444444444,0.1987,0.2533,0.2751,0.3068,0.3964,0.4052,0.4162
0.139539040318225,0.423333333333333,0.633663366336634,0.0526315789473684,0.16,0.318181818181818,0.16606291706387,0.136363636363636,0.112139551441794,0.24,0.294213528932355,0.610851262862488,1,0.109870329906509,0,0,0.037037037037037,0.309782608695652,0,0.5,0.23469387755102,0.107250928869652,0,0,0,0,0,0,0,1,0,0,0.888888888888889,0.2844,0.2884,0.2884,0.2857,0.2823,0.2742,0.2742
0.140601993943526,0.316666666666667,0.683168316831683,0.0526315789473684,0.12,0.181818181818182,0.118207816968541,0.136363636363636,0.126379494482022,0.18,0.382233088834556,0.476613657623948,0.0744775455758115,0.277919815882795,0.166666666666667,0.375,0.148148148148148,0.418478260869565,0.283562540929928,0,0.285714285714286,0.107250928869652,0,0,0,0,0,0,1,0,0,0,0.888888888888889,0.094,0.1986,0.3188,0.4077,0.575,0.7738,0.9047
0.0599120031872861,0.443333333333333,0.267326732673267,0.105263157894737,0.2,0.136363636363636,0.220209723546234,0.0340909090909091,0.0601637593449626,0.74,0.107579462102689,0.623479887745557,0.0499110715873722,0.109870329906509,0,0,0.037037037037037,0.309782608695652,0,0.5,1,0.566897766882445,0,0,0,0,0,0,0,0,1,0.5,0.888888888888889,0.0194,0.0371,0.039,0.042,0.0533,0.0782,0.0961
0.16471923064204,0.316666666666667,0.584158415841584,0.0526315789473684,0.24,0.318181818181818,0.197330791229743,0.170454545454545,0.19686721253115,0.26,0.331703341483293,0.548175865294668,0.0323477100933748,0.302606834545259,0,0.25,0.111111111111111,0.489130434782609,0.172233136869679,0,0.0714285714285714,0.216076148159497,0,0,0,0,0,0,0,1,0,0,0.888888888888889,0.0589,0.2748,0.5055,0.7803,0.9865,1,1
0.0331255718296818,0.21,0.534653465346535,0.105263157894737,0.04,0.181818181818182,0.0713060057197331,0.0340909090909091,0.024563901744393,0.52,0.349633251833741,0.611318989710009,0.00700311249444197,0,0.333333333333333,0.125,0.037037037037037,0,0.132285527177472,0.5,0.183673469387755,0.183858735205117,0,0,0,0,0,0,0,1,0,0.2,1,0.2582,0.38,0.4615,0.5353,0.6426,0.7279,0.7677
